"slot","wallet_address","operation","contract_address","tx_id","tx_hash","status","block_height","block_hash","block_timestamp_utc","indexer_id"
"01","mn_addr_preprod127fcrqn8j2tlksn66gz4f9ag7hemma7ej7yvtuhjl9dp7w76x33q8ympr7","createListing","0e0d4b0200dc7faeb0412e3f874867809c6e118b354e3ad48d9b465e2a247237","00ab1e7f59faa51d2c0ae3a30dd7ded6ba96a381d3d6ff06ca974b913e97684e42","9dd4d8c5d820008ffef31b8baf1b7f36d195ebd18141b75eacdf26db6f16bd4f","SUCCESS","2337923","6c285a92704a2b4563f28aa0825021a20e2e05e5f3a9648adba7760c37625208","2026-08-31T01:35:12.000Z","579522"
"02","mn_addr_preprod168u830sp7xp00htk38axzwrnagf2uftt7r0y0l5jcfsxzgt75kps43n05a","createListing","0e0d4b0200dc7faeb0412e3f874867809c6e118b354e3ad48d9b465e2a247237","00d71270bb0cc3e2cfbfbad01c88e640502fa7e72c95fc572404e4664d35932faf","5b88210219bcda1cc6e97e02f54b8d2976ab7ff288a6c396c82e2e4166d92b8d","SUCCESS","2337990","70fda6af49deb395372f239e90ab4301a42a81de452636775e22efee2aa3e116","2026-08-31T01:41:54.000Z","579533"
"03","mn_addr_preprod14uw2hg5447j43uwntvpmqady92jvmj0wn50luagucc08rms5cdssdfg8cg","createListing","0e0d4b0200dc7faeb0412e3f874867809c6e118b354e3ad48d9b465e2a247237","005a47e1ee521c3b34939c794f7ba124b2fdbaa0cda51812c2041f41cfa32250d7","262c4b3f82308b6022552a231545d575d22df9a1f680738ba2049bce087ffc8b","SUCCESS","2338349","6bf03528dfd10d9b508e86651f451dbc0dd1e261cc39ca66ab8bdfaf476d1d3f","2026-08-31T02:17:48.001Z","579567"
"04","mn_addr_preprod1y3kvhk27tsr5awr0zjzzdfykkp0jkjr59m6zm6j0ansltwfx5wgsv96d84","createListing","0e0d4b0200dc7faeb0412e3f874867809c6e118b354e3ad48d9b465e2a247237","005bf467d46f2beb26e48d4dd3d4d23dcf5c510abfb14fb53744a390a6b28103ab","b11559e447cbb1b7b98ed3ed431f9d80a86d31edfd98f20025778abec349f830","SUCCESS","2342039","5b22c5c8345c5d376944f29c1eebee21c059fdabc4ea34230eb6afa066d11f4c","2026-08-31T08:26:48.000Z","580101"
"05","mn_addr_preprod10jmwz5nj4srufdf53te3v9kp6gdga4jph8yxc7x4p6vzda2fs3ms08jye2","createListing","0e0d4b0200dc7faeb0412e3f874867809c6e118b354e3ad48d9b465e2a247237","008b0d80bad4afd7a99d7e3d8d89d2e635e46ebf41feb3dcb536426e10145417e8","5aff1a59f1a0bb394b409bf3f3e5e1d7b1adb6b9583f3376c97a76d428ba01e6","SUCCESS","2342045","c45b90794d891db683a970b8d78be8588a20bf62a1ec97f0f6f406e78a9eefdd","2026-08-31T08:27:24.001Z","580102"
"06","mn_addr_preprod1wkqwfk5clen8s9ra8ypp8r3htz4t8xn5rlhqxsgvd7ga4yztmcdqzp9gqh","createListing","0e0d4b0200dc7faeb0412e3f874867809c6e118b354e3ad48d9b465e2a247237","00e850cc48d1853572156c5853e9b27ec0a2f6a746c1e31fe433b3077965ea2310","43464dbbc8d4c6b7f91648a43f8684101757ed678464074c9a4e661326ad4c70","SUCCESS","2342050","964376dd7a97ba13942f7778502de77159f64cca1a04976d9522d7417a3df576","2026-08-31T08:27:54.000Z","580103"
"07","mn_addr_preprod1n2jkm38fu7fw8p42kehseh43f4xy6l08jyq4vf7muk23egqz86fs9v7sfh","createListing","0e0d4b0200dc7faeb0412e3f874867809c6e118b354e3ad48d9b465e2a247237","00755a9b866d360474189a1a7211237558fda3308081d77da0c9a0197bbb2ea7d8","0fa76478884177c5b6a518900b37759f708768d893a64d94f35dcdbf8d094140","SUCCESS","2342387","636b98103db628307796e9334063f905bbc99c583fe02f6489faf25964f51f80","2026-08-31T09:01:36.000Z","580122"
"08","mn_addr_preprod1lxsgr4d5fwe0lr5d282wcl0nldcyy42q49re0tmyk30uewdle6rqk63jfr","createListing","0e0d4b0200dc7faeb0412e3f874867809c6e118b354e3ad48d9b465e2a247237","00e038f043ed270e285523ac5277584f8dba015ab5a11bf29152dc17ce213eda2c","b6d96de1848765ef0dd62c768fccb3e75eb9808cfebdc69b4486c9b160c64d6c","SUCCESS","2342392","599fe980f50475c0d4bf7f825ed609327aea196c5130ada30de6e632e3ff2c47","2026-08-31T09:02:06.000Z","580123"
"09","mn_addr_preprod1fqk7rntlgtemu8ym6kxtf2evg9r2vrrs7lf37wr8nuyy7m7tfqlq6ywxlu","createListing","0e0d4b0200dc7faeb0412e3f874867809c6e118b354e3ad48d9b465e2a247237","00e3a704c9bc5095ec5dc6c3854a445ad0a008578e146a94b0b11739c50f47eb8f","136f9337b5d68f372d930bbd66103c504b553c418a89123513200fddedffad9b","SUCCESS","2342397","f6eadffb4feebd1b362d083b9e5aacef95cbed84f084bae2df17f0becd186534","2026-08-31T09:02:36.001Z","580124"
"10","mn_addr_preprod1qzz99j4fsgldzc8nxc6p8mksvkqmehujgzc44afftjd6z5q7llnsmnmas4","createListing","0e0d4b0200dc7faeb0412e3f874867809c6e118b354e3ad48d9b465e2a247237","002a752df2d63704eac5c018fd706d439f605d60b897bd57332e7402e8b48bc143","ae4dd8e4e4c321ee32a86a59946472a1723d54f3f6ef03175c258ea1754eafd8","SUCCESS","2342402","cc0b68d3f031e2fe890136a2434ad084ab74700548df0797e8f33c25f5729788","2026-08-31T09:03:06.000Z","580126"
"11","mn_addr_preprod1a5fh6vwuqk0zytfadpn7fzsdk77rpfxpugqs8yryyrud7xpsg8gqrqa2zd","createListing","0e0d4b0200dc7faeb0412e3f874867809c6e118b354e3ad48d9b465e2a247237","00b9cad86db666baabe9fed46afdfbc65f4e5f915b8694c04635ce421fd89f5351","7d6ba6474e280a0b2594605e502bcad37d7cdb4d88b4febcd1418f7785bf72bb","SUCCESS","2342407","893052bb4e2bf8bea760660efa527ade197ae492cd57e23bfa002fb3b6bd7844","2026-08-31T09:03:36.000Z","580128"
"12","mn_addr_preprod1kv2ekjl8j30rw4kutpdtpnh7mwm784cjhd7gr5a9le2hepcf9ngq56c8zd","createListing","0e0d4b0200dc7faeb0412e3f874867809c6e118b354e3ad48d9b465e2a247237","004ce32a0024f0da5088ef2df9b9366be6b81844759446a980856f8ee76d34e216","74e03029b8651f5bd5d6cff0e0398581e6367b5e4771d2ac0aa2cc87d591b2d5","SUCCESS","2342412","be993333bffc5006a9806e61d2cb228b80061e8509781376393ff8f062594949","2026-08-31T09:04:06.000Z","580130"
"13","mn_addr_preprod10q0yfn45j6qzu548nlujtmlrcc39993hj504f36ts7psmz4v32lqrhcw4u","createListing","0e0d4b0200dc7faeb0412e3f874867809c6e118b354e3ad48d9b465e2a247237","008e3b746598fc9ace48cc745b518fe3fe274bd023d2b4e10a419c4ab51bc05102","02a78f6acdccccf8d1f0e015422243701db8272fe29d9f1fc7f0519707b18cd3","SUCCESS","2342417","6f339e83526e8751123e8ad669c52832fd860a36ed33b0622ae89a657651c7e3","2026-08-31T09:04:36.000Z","580131"
"14","mn_addr_preprod1kh63rk9vcnvvkycldrs8y9x5hjfccgm34vn83na3psjyvj3vnfas9n6h72","createListing","0e0d4b0200dc7faeb0412e3f874867809c6e118b354e3ad48d9b465e2a247237","0094de28f544f3fcca3054c1dffdb53839ab5da4303b53f01aa370828ca611b043","af1b29ce029c4e9679db80c23e911bd04d4499c34ea95718d0214c324d43076f","SUCCESS","2342422","27ee9b60189aa0cc8829ac70a540af59147cb827dc4ca10c7340abe3f86463c0","2026-08-31T09:05:06.000Z","580132"
"15","mn_addr_preprod1frx0sjxcucqnqfm0qzj35q7y6qtvk5hhsuk59xxeemzmvpfqkcequkuwfh","createListing","0e0d4b0200dc7faeb0412e3f874867809c6e118b354e3ad48d9b465e2a247237","0088e4d725f9c76fa50666324b83eabd757e0791d54525b7cd76b4af1184e53036","9946de2da152b90c7670db91d357259a7e8dcd3f9bbfa23caa97f970eee11353","SUCCESS","2342427","9be13f3b65cebee65ed85a250c49399df7c3beec83855d3544a8a24e96a14a04","2026-08-31T09:05:36.000Z","580133"
"16","mn_addr_preprod1n7mm8s0tywmyq8w0xwgm8zkrpkrn89dseedcdx58wtaxeruvfg3qf82eul","createListing","0e0d4b0200dc7faeb0412e3f874867809c6e118b354e3ad48d9b465e2a247237","00284d1a5a730ac9fe3cd4d5c1c59d699ebb63e5ea8b60af297668f3f41ca52202","bfee1f005f58484bc6dc7c465b757d3093784989956a5a7077f4f967ee7a4902","SUCCESS","2342432","f858f2b0f17244febdd9a8ce5b5dbde7a7c02bb926fe732f98a5ed140bf99a98","2026-08-31T09:06:06.000Z","580134"
"17","mn_addr_preprod145utl9ylmxmzkf5sh5u8wj0u8p26ceqngvnpszeuxpl9x8tvjezszqz04n","createListing","0e0d4b0200dc7faeb0412e3f874867809c6e118b354e3ad48d9b465e2a247237","00d9604130a3693cc72d322ee8c663ef50f1e31fb5e6f780c20d0cda79812564be","e95f957aa2deb96af15a6e27abdc4f9b2a06bef7b383e3a8bf9346997182fd68","SUCCESS","2342437","cfb5ac6d9afc6260670e6785de8ff5cd88955b0cf42106a6c37e3ea54d0936f4","2026-08-31T09:06:36.001Z","580136"
"18","mn_addr_preprod1mf526mpxyyne7y0s9lhjk377s2wlsq2h65727c73fewdz8r22xnsuq2cfw","createListing","0e0d4b0200dc7faeb0412e3f874867809c6e118b354e3ad48d9b465e2a247237","0014b48397e81b41bc0737c856e7f61a2bb6d6522b2e20676c640676b08cf9a6aa","458a0cb2f06cd1033b754545cc77fab9739c565fc2cfb524fb89ec0f35b61b01","SUCCESS","2342442","d04049a5072690f6d11c378da5df671232b50ea97cda5609fbe8bb0a2a806a93","2026-08-31T09:07:06.000Z","580138"
"19","mn_addr_preprod12dk5wmtewnlcl80gp6eu8aksz0f74hx3yde90zwefa9qeup2nuxsch5grj","createListing","0e0d4b0200dc7faeb0412e3f874867809c6e118b354e3ad48d9b465e2a247237","00ace17c6ffd3d1312ab8f7ada336f3059abad6fac1604d09b8797589c07b4e92e","d9cc809538489c39203eb7a33aa0cdbeca637b068e2ce10eeaec85ae7a3dd8e8","SUCCESS","2342446","0bb9b495251877391508e122d40417428073b731b17bf61af7c8dded10860494","2026-08-31T09:07:30.000Z","580139"
"20","mn_addr_preprod165aeu8nxfh6a5pjrh3arhljpx4k9kgny46ykyq9mxzdz53cvkeesa89cc8","createListing","0e0d4b0200dc7faeb0412e3f874867809c6e118b354e3ad48d9b465e2a247237","00a8be7bfa01ab5dae82824b0f0b359a0fe40618a406f399566ce508196e4928ba","3cef4e55272ef5fe1382098bd2c008ab1d2e57c03e2db93fbcd16bb0af355664","SUCCESS","2342451","e2a8813ad9f7625614cf610f7144d4275824bf5b269a406043f951dcda0047a6","2026-08-31T09:08:00.000Z","580140"
"21","mn_addr_preprod126t9l6fek7wxjsdq5mfhxl472xj76frzyh4hft8rnmvr9hp832pss0q4pj","createListing","0e0d4b0200dc7faeb0412e3f874867809c6e118b354e3ad48d9b465e2a247237","007ebfd0ce728fdcdbd843bbe196c7440cacc08b795bc9641940144396e4002ab2","b68e2f8a8c1a2a077b46bafaf44b7f31dcf35df2afa598d55b0ea313421da8e0","SUCCESS","2342456","e60b4304ab80fc5c3e7066dddd657983a43255e0969ce758724a472c6e9645d9","2026-08-31T09:08:30.000Z","580142"
"22","mn_addr_preprod16ucf2rtdmruprpxvhwwfqd6054hyvxpcm30xffyxy4x69elqqadsh3kkrg","createListing","0e0d4b0200dc7faeb0412e3f874867809c6e118b354e3ad48d9b465e2a247237","00de1d74c8ae3d776e3d465decff303b80b7f9ae669a7c392cd8176d197d53feaf","c4b18b56d9af0a04107c8bdb1fbca14920977af9f6a75eb85e2df0fba510aeeb","SUCCESS","2342461","4fbd266998d7406f208793d600c773cf5ac264b22ea3e0500c61155def206c99","2026-08-31T09:09:00.000Z","580143"
"23","mn_addr_preprod1r7tq2dahka5cwnmr22xhyaan6hky8yuzq35pxtrmafjdzkrxl4rqxl2euk","createListing","0e0d4b0200dc7faeb0412e3f874867809c6e118b354e3ad48d9b465e2a247237","003dd193dbf3c4857477140e11643c4e08fe92e528842fdc2951ac47b7e082f896","3efa5f000d843978b5449f5fbda240937a8689b5363804d96699c75fa6e5fac6","SUCCESS","2342472","259fde0426c4498ef942e16c5acd582b23832b24d68343f90c14332e4ee75e73","2026-08-31T09:10:06.000Z","580144"
"24","mn_addr_preprod177aqkxhjcm7ndvcs3mcr7gnrt49pdgq5rt67a2p6qczd6vszjy3qeuknle","createListing","0e0d4b0200dc7faeb0412e3f874867809c6e118b354e3ad48d9b465e2a247237","005fd62117e55987740743b8826714f069a86ec7443a8a7357c57ae04349d46315","075cc153045e92f796d3e9c09b31f3beb30b2a46cdef6c8d9d9b1a429506d1b8","SUCCESS","2342477","1007f7845af77f9fdda1ffaae54d4547d756b70c04b7a0daf46d3e4c98286aca","2026-08-31T09:10:36.001Z","580145"
"25","mn_addr_preprod1zy9xu32hvlk97vt0sue72gr588q2afqtkjm3r3nrwrgt2ek0tx5qe0cnxy","createListing","0e0d4b0200dc7faeb0412e3f874867809c6e118b354e3ad48d9b465e2a247237","001aada31f1e20760bd4074d2b983156f57e4ad2b9e65458a978cdc028f2068240","1e147852a8729856bae6f4a219957fd76ccd950033e711620fd3773d84822636","SUCCESS","2342481","c2461d3527fe359b34bf69b693141871bf5bde753d479cc94083331194838a53","2026-08-31T09:11:00.000Z","580146"
"26","mn_addr_preprod1834h934s77q9x23gaf6rz9wlmqhaazpstavv363rjwm8qrug3e0slr88nj","createListing","0e0d4b0200dc7faeb0412e3f874867809c6e118b354e3ad48d9b465e2a247237","003ef1b15d20f5c6368776a1f2b1402ba737ecb95eefaec0013d9443e9f3c8eb61","f604f9fdb10e02d083d69d217ab9ce17668e4ad1f65166f0ed6f101fcae87945","SUCCESS","2342486","4c2841ae985511723c60b81d43d5ba626a4b2a2917768bb3a9a9313e924a9f76","2026-08-31T09:11:30.000Z","580147"
"27","mn_addr_preprod1dqs5r99w5y75327t687umsczv82njakl2h2hp9srsgaaek4t0e3qxgch57","createListing","0e0d4b0200dc7faeb0412e3f874867809c6e118b354e3ad48d9b465e2a247237","0033ba682159fbad135b4213e57673265a107a884b702f9a4adf8b525425c2b859","7b8661d2c9b5458d169a3e9091741d27f543284840f94c6b04c2ecc157917c87","SUCCESS","2342491","de0b3ecb5f7642ab00f0e452e1107d0985f7d32c314451f4eb7a45a60635d129","2026-08-31T09:12:00.000Z","580148"
"28","mn_addr_preprod1ph0rs50l6n83ztwuadkyc269n5vkpklehjlv0z77lvl0khge6syq77u4az","createListing","0e0d4b0200dc7faeb0412e3f874867809c6e118b354e3ad48d9b465e2a247237","00785dcd52336a2056144b7a6d85bd6446056582cdd41cf3b7dc899db8c3564427","d9651344c83d8f8f3bfbe241e034722bfc90b3af93645e7dd83f1b4ab2161a7a","SUCCESS","2342496","39546842d4010f9650a0c2827e7965eb1df5787fb81b214be78343fbb55b23e8","2026-08-31T09:12:30.000Z","580149"
"29","mn_addr_preprod1jgk4899cnqwx5ptqpxnxqtq69hahfkwja6pnpsum06a4vqpp5gyqwcrgsv","createListing","0e0d4b0200dc7faeb0412e3f874867809c6e118b354e3ad48d9b465e2a247237","005e13d303c5d4229508fb0a4fedfb587e32b3287fd6b1d5dd310aff133513dc72","0222409f6be4308cf1f91d86a966355d422240519ea3ab52f13fe68108051625","SUCCESS","2342500","c331ee2409185d03faf587f0abfdf1b99361067ca749017d688ba8b7504407ee","2026-08-31T09:12:54.001Z","580150"
"30","mn_addr_preprod1cjsndzx6azn5rkekzp2xx0p2z5235ms33aul2mm9w5r5l6mrc2lqg30mtm","createListing","0e0d4b0200dc7faeb0412e3f874867809c6e118b354e3ad48d9b465e2a247237","00088ea1f0f6fd49605d67113c3180d99a2483c9e4808fe3a0ec824a24067c6096","1d04627842d25319c5cffc4a919b955df1e75344dfaac7cdb9e029ebcf2229f0","SUCCESS","2342505","03153b8f395c2a16aeb075a865ddf26ed36959cfd9cae556ddad201e318c2498","2026-08-31T09:13:24.000Z","580151"
"31","mn_addr_preprod13g6a8prexhyx58qtc7d7nzcph53seckuccau2r6estzr08vk4uwssmpa27","createListing","0e0d4b0200dc7faeb0412e3f874867809c6e118b354e3ad48d9b465e2a247237","006dd0d0bdc3e8585003049d8faecdc0529d15ab674574f63c70abff4b0a715307","eff18bc6c99f0700730648786867e301e5b5f4fb95848c9778ea71298c75b9bf","SUCCESS","2342510","1a52393162dd25d64efbceaff3cb45e05c8d0d8641e83676c3b76a26024fb156","2026-08-31T09:13:54.000Z","580152"
"32","mn_addr_preprod10ugn4mpakw4jkemnqaqdqkhdwsamhfkvqkp2qzup44z7n7wwm7gsa6wex2","createListing","0e0d4b0200dc7faeb0412e3f874867809c6e118b354e3ad48d9b465e2a247237","00648ad2071081f1bec2be1dd04ff43ef5331127acd0ab798a4999c278b2acb069","3461cdff812f0d307bcc0dd430ccfb7ba8a6dbbd0a571508f4678a78027a856b","SUCCESS","2342517","1fa08de87e2539199da6b1026fe3bf9376fd3cdee575098d74b6a2443685586e","2026-08-31T09:14:36.001Z","580154"
"33","mn_addr_preprod16wwx9lr6tdzyzvaed8e248ucjaewh3er5x2tvumveawc357plm9s232lk2","createListing","0e0d4b0200dc7faeb0412e3f874867809c6e118b354e3ad48d9b465e2a247237","00698a9078d317f2f07a8a9f687a4530189bad0da8b48003be347455b4a71ac688","bfba288f23f8d29c0a281ea7530886ff3490e3a0987a6791a3e598a53b61c311","SUCCESS","2342522","5d1d875a026c4b19018784ac7cc292d66d8fe3e80d44939f6332cf04e4c0bfb5","2026-08-31T09:15:06.000Z","580155"
"34","mn_addr_preprod1g2yh726utrag53q4wnwaret38p6f6jzece747uwk66ahs6d4k65q3dcdt6","createListing","0e0d4b0200dc7faeb0412e3f874867809c6e118b354e3ad48d9b465e2a247237","004871d1ce300cd4565526b3e51212302e7b1753da00ff1d8e3d9fc9b461272f55","6cc4820aecccac1ab652da7803c78ea28aac524d9a6179a3266aaafa2306d193","SUCCESS","2342527","fb80d0bb6c4dd3978dcadd45cf2d22031b002bbc7c38c92d2891a9e593b24fd7","2026-08-31T09:15:36.000Z","580156"
"35","mn_addr_preprod1un58c4jctrzumkd6s5nfjedrqxtuuw3sza3y2fzxrma96azy37nsgg029e","createListing","0e0d4b0200dc7faeb0412e3f874867809c6e118b354e3ad48d9b465e2a247237","00855869658957caa5f4ce8407c1e29625b9131df10cbc3679ce5e521f12fe8a62","328084b65a1363b05dd3550a8a6b0c83431ef2f796e9bdbce51ca1401ad40170","SUCCESS","2342532","9144763d63821563d3be5dabf091c82cde6e96cb4f5e41f1a941518ac6c6d06e","2026-08-31T09:16:06.001Z","580157"
"36","mn_addr_preprod1vjxrcazrtd3rp7c4njps9eyrcey2twu709vjxlt0arpt2lkgl3hq8gngjv","createListing","0e0d4b0200dc7faeb0412e3f874867809c6e118b354e3ad48d9b465e2a247237","004be804781e77ce2f2a1fee8b225a27379cd907b81518046f3500be07201fd753","cb199683ddf64508e07106a6ccab42f150b2db3d962e51e99d5f0dcefc540ae2","SUCCESS","2342537","4ce2317fbcde04789de5bf39bdfefa67d74ea83c67ba43f844b8cf1bd2f5a578","2026-08-31T09:16:36.000Z","580159"
"37","mn_addr_preprod1eeaz4eq5u4v53rfsu4ytlank4wlvlxug282k456mvpnr3r9w266s72jhfn","createListing","0e0d4b0200dc7faeb0412e3f874867809c6e118b354e3ad48d9b465e2a247237","007bd6202a36ddd1cfb437d38d5c0eae03c7fb5e854e5bd806f87005d5c2c73020","bea09cb49d16147fc13a4f172477c98b7d9054b1644da6169901a3390e7dff03","SUCCESS","2342542","ad21ee0e5df7f3582ef5721c39fa1e039e80d114b151693f0a89fafc10dac05f","2026-08-31T09:17:06.000Z","580160"
"38","mn_addr_preprod1s7wx2xe00kfayuymjph9znf329vymm2jnue2ymg8fqslpz4jv0psmate44","createListing","0e0d4b0200dc7faeb0412e3f874867809c6e118b354e3ad48d9b465e2a247237","00366c704a828ad5ad424889e24433294c8e68e78127c6b81ee0dfbae382e7fb22","bc781c46ab3dfd0789fb57b606bc90320dcd3a8b3f2b459558c6861128f08305","SUCCESS","2342558","7c4c9a8dc4bb82387a4a4d32cb481c26e4747f6ce4c1a75d419a438329b96933","2026-08-31T09:18:42.000Z","580163"
"39","mn_addr_preprod1cmsa2edm6he0y4r8dnsd4jjssft57cldrn7e732nmd3g5v2qn24s88xfj9","createListing","0e0d4b0200dc7faeb0412e3f874867809c6e118b354e3ad48d9b465e2a247237","000d74354b6135cd5859a602809913fb3ff6bb21ed2940a53da4c9469943e34fd7","af43d3bf1cafc0768d6893160233266c0f9dfca9c92c8e662f4b6e90b7fea9f2","SUCCESS","2342563","aa5a7b6133c66cdcd4d70ab4e7c0a112bef7fe2250b36ba5d79278684f33e866","2026-08-31T09:19:12.000Z","580164"
"40","mn_addr_preprod1g9cued9crj06whkeuy88hg42sf426aep3xvsp99cxalpw0wjvjzqtvgku3","createListing","0e0d4b0200dc7faeb0412e3f874867809c6e118b354e3ad48d9b465e2a247237","00f37cfbc0a6051a6c80936895fc2bc8eba4d2aaeaa12d5ee753578fa7afea9fd5","6fc4abbf1aff317c895ad0b9e5c313ce916a9fce440204ca02a05ae6730e47b5","SUCCESS","2342568","37087a1b68e7483468c3437e94102deb6126a443dcd5ff685d8e7d2dea68e6dd","2026-08-31T09:19:42.000Z","580165"
"41","mn_addr_preprod165y4ckk0xlhtqxj30mm3tjavkrf3fgkdxq6euvkyqg7fzmdsrwws4faxsp","createListing","0e0d4b0200dc7faeb0412e3f874867809c6e118b354e3ad48d9b465e2a247237","00f8a038ec0c61e2c0e694d84943cb14b264c84465146b0df56de16bd26fbe53bf","1b1b26dfb16fd2ee39bb127bd2e50669c6b71068ba84610e5d6f889915e071e8","SUCCESS","2342573","8061d5a2ccf9b6c51d09b1f3268b5b20cfbf9a831e61d64b8b566f0d5cc1a1ae","2026-08-31T09:20:12.000Z","580166"
"42","mn_addr_preprod1asc7x6ln243u0z627wu6y2n0xa9vzqutjq07hf6q7t09pn4uhyaqxxgrdz","createListing","0e0d4b0200dc7faeb0412e3f874867809c6e118b354e3ad48d9b465e2a247237","007e6896dbb76e969efa26a75c4aed10097408fb023fa7077842df066e4dd1d424","f8b1435aef1823431f66c84a322783d223c1b1aee51b7f72bd0249f94c2b3869","SUCCESS","2342578","736d7ca2b292734885f5e34f0c474e4c711c9164986fc1e8798544077b9be412","2026-08-31T09:20:42.000Z","580167"
"43","mn_addr_preprod1kwwc3demdq6rdwf77tycyuqd4c9nl25mwsm0wja866tauat73lzs89nnqd","createListing","0e0d4b0200dc7faeb0412e3f874867809c6e118b354e3ad48d9b465e2a247237","00789cbb07a731b776e71eafb093e6a7848d25de8f7c25dde4dbd0238d5db4536c","4f16f85907791e68c5e230836e56e032f66e7da8e1cc44dc223b0af010568e31","SUCCESS","2342594","f009a865f1edcd6522d73e66db1f363181113f1ff21e9659dd4a4150550fee05","2026-08-31T09:22:18.000Z","580169"
"44","mn_addr_preprod1n63eh6ms4p0qnfcgqf5vhgje4ntq9v3q953m9t6pmu64g742gf6s3rlcn0","createListing","0e0d4b0200dc7faeb0412e3f874867809c6e118b354e3ad48d9b465e2a247237","00dd87a62e27807552720494ea32febab66e5be695fc2f210f7f4bee0849d24456","d9ffeedfc74360caefabfe4691d0f8cc301569cefe7124d673af9dab7191ea69","SUCCESS","2342599","24fbb362aa5a39ebd9793cea8634940f01e4ffc064dc27878afe009151e539e1","2026-08-31T09:22:48.000Z","580172"
"45","mn_addr_preprod1vkkytklz037strsf5d7c2usr0csveazyvt2wrsshx4hw8lksqe8q92tfrn","createListing","0e0d4b0200dc7faeb0412e3f874867809c6e118b354e3ad48d9b465e2a247237","005ec5b0bf383421342865790d708b6528f952b1cd4a726956bbe2ce0a7b5214c3","c912980bbdaf8bc8ca79fa025091e696e6f6a03d55ac3657b316f4fd068a773a","SUCCESS","2342604","530db35ced2dfb34378e51adad52e45fe7a3a6704cd87ec1d811f477a4766ef6","2026-08-31T09:23:18.000Z","580173"
"46","mn_addr_preprod1xgrhdpn5e7cgjkyh6eju0g5cwlwedmr88xmyfjdj9dewn28sa0cqqjw2m4","createListing","0e0d4b0200dc7faeb0412e3f874867809c6e118b354e3ad48d9b465e2a247237","0050cdbc86b6ac1afcdef1b504af3a66783f994afa444192450d45684aae51b732","930c7a3c399bbb2ddfa0614fe3ac5fd10e210499fc7cf569bb9c36c5ce7287b8","SUCCESS","2342609","e22702227ba41419ccca0d1cd0c018fa44848c93e121cfab67b93df79d290216","2026-08-31T09:23:48.000Z","580175"
"47","mn_addr_preprod1lu88yle7rq3p6efcyvjm7uq2v9z9azlhnjj06kszqa6favwuvzystzxep2","createListing","0e0d4b0200dc7faeb0412e3f874867809c6e118b354e3ad48d9b465e2a247237","000082038100336db32401955b826e12588d38ac968094051acbea0054dac64d89","cec785b3216cbacad418c290c032044f5a8d0c9dcf370ba183e751eec47148a7","SUCCESS","2342614","0a8927c981a588a13f6cffd64a6bdb96cced6d73af66c47097943fad350313b1","2026-08-31T09:24:18.000Z","580177"
"48","mn_addr_preprod162rw5pchr57utx6s7kdx3ql5q5xwkdvre2cns02unw3md5tcgprszcklw9","createListing","0e0d4b0200dc7faeb0412e3f874867809c6e118b354e3ad48d9b465e2a247237","009a05926bed8709e7d8af734d7863b7bafdeee5f1d7822d1b13b4fa5a51304be9","5230bc156a6eaa591908093faf968357c7ad7266705fe60d482b26b20ef763cd","SUCCESS","2342619","5ccabf1f72ed5bf438f1319824079cecf22c6abcd89501cba252b5fcea277bfa","2026-08-31T09:24:48.000Z","580178"
"49","mn_addr_preprod1jnkhvf5anwyl7772dkgsr0k79p98tkf4lgsng3a6ywv7l2cfq8cqax3xtx","createListing","0e0d4b0200dc7faeb0412e3f874867809c6e118b354e3ad48d9b465e2a247237","00733b140958e1d2594202e5f8da756bab5893ab9e68401be4fee4679f7f435b94","840f4c3604e8b66531b7d60cf000e53c0bd454ec4bdca978d6a4da86ccd2cbf3","SUCCESS","2342624","53df664195ee041886c9d11951c4805943c1815d9f4e64280e593a148ed2bfe0","2026-08-31T09:25:18.000Z","580179"
"50","mn_addr_preprod19kntqdktqlluwh6taqfwa86vkse042wcx3ggcwmzh7hs2g6wq8uqx2qk7r","createListing","0e0d4b0200dc7faeb0412e3f874867809c6e118b354e3ad48d9b465e2a247237","006d7df11b49c595e1b4e2fabcf4661cf17160fc9a60e32060bc5de3d19dbfae28","eee4824fa392fdc5783307db141d6b8c596c7e467068520b73c1ba680645ab87","SUCCESS","2342629","ea402cfe491cd3277979a74e8c512be6bb5ff02ed4246173ceff0e6945ac89be","2026-08-31T09:25:48.001Z","580181"
